<?xml version="1.0" encoding="UTF-8"?>
<beans xmlns="http://www.springframework.org/schema/beans"
       xmlns:xsi="http://www.w3.org/2001/XMLSchema-instance"
       xmlns:context="http://www.springframework.org/schema/context"
       xmlns:aop="http://www.springframework.org/schema/aop" xmlns:tx="http://www.springframework.org/schema/tx"
       xsi:schemaLocation="http://www.springframework.org/schema/beans http://www.springframework.org/schema/beans/spring-beans.xsd http://www.springframework.org/schema/context https://www.springframework.org/schema/context/spring-context.xsd http://www.springframework.org/schema/aop https://www.springframework.org/schema/aop/spring-aop.xsd http://www.springframework.org/schema/tx http://www.springframework.org/schema/tx/spring-tx.xsd">


    <!--Spring configuration files, which are mostly configured for business logic-->

    <!--configure component scan, Scan all package but except the controller package-->
    <context:component-scan base-package="com.huat.crud">
        <context:exclude-filter type="annotation" expression="org.springframework.stereotype.Controller"/>
    </context:component-scan>


    <!--1.将mybatis配置环境集成到spring中，交由Spring托管
          The mybatis configuration environment is integrated into spring and hosted by Spring
            configure datasource-->
    <context:property-placeholder location="classpath:dbconfig.properties"/>

    <bean id="dataSource" class="com.alibaba.druid.pool.DruidDataSource">
        <property name="driverClassName" value="${jdbc.driverClassName}"/>
        <property name="url" value="${jdbc.url}"/>
        <property name="username" value="${jdbc.username}"/>
        <property name="password" value="${jdbc.password}"/>
    </bean>

    <!--configure integration with mybatis
       2. 将SqlSessionFactory交给Spring托管
          Let Spring host SqlSessionFactory-->
    <bean class="org.mybatis.spring.SqlSessionFactoryBean">
        <!--specifies the location of the mybatis global configuration file-->
        <property name="configLocation" value="classpath:mybatis-config.xml"/>
        <!--specifies the mybatis datasource-->
        <property name="dataSource" ref="dataSource"/>
        <!--specifies the location of the mybatis mapper file-->
        <property name="mapperLocations" value="classpath:mapper/*.xml"/>
    </bean>

    <!--configure scanner, put mybatis implementation class of interface into ioc container-->
    <bean class="org.mybatis.spring.mapper.MapperScannerConfigurer">
        <property name="basePackage" value="com.huat.crud.dao"/>
    </bean>

    <!--configure transaction-->
    <bean id="transactionManager" class="org.springframework.jdbc.datasource.DataSourceTransactionManager">
        <!--datasource-->
        <property name="dataSource" ref="dataSource"/>
    </bean>

    <aop:config>
        <!--pointcut expression-->
        <aop:pointcut id="txPoint" expression="execution(* com.huat.crud.service.*.*(..))"/>
        <!--configure transaction enhancements-->
        <aop:advisor advice-ref="txAdvice" pointcut-ref="txPoint"/>
    </aop:config>

    <!--configure transaction enhancements-->
    <tx:advice id="txAdvice">
        <tx:attributes>
            <!--all the methods are transaciton method-->
            <tx:method name="*"/>
            <!--The methods that start with get are read-only-->
            <tx:method name="select*" read-only="true"/>
        </tx:attributes>
    </tx:advice>
   <!--this configuration file is fixt if you want to use it just copy from here-->
    <!--The core of Spring configuration files (data sources, integration with mybatis, transaction management)-->
</beans>