<?xml version="1.0" encoding="UTF-8"?>
<configuration>
    <!--console:表示当前的日志信息是可以输出到控制台的
    console: Indicates that the current log message is available for output to the console
    -->
    <appender name="console" class="ch.qos.logback.core.ConsoleAppender">
        <encoder>
            <pattern><!--[%level] %blue(%d{HH:mm:ss.SSS}) %cyan([%thread])--> %boldGreen(%logger{15}) - %msg %n</pattern>
        </encoder>
    </appender>

    <!--
        日志输出级别(优先级高到低): Log output level (high to low priority)
        error: 错误 - 系统的故障日志 Error - The failure log of the system
        warn: 警告 - 存在风险或使用不当的日志 Warning - There are risks or improperly used logs
        info: 一般性消息 General message
        debug: 程序内部用于调试信息 Used internally in a program to debug information
        trace: 程序运行的跟踪信息 Information tracing the execution of the program
     -->
    <root level="debug">
        <appender-ref ref="console"/>
    </root>
</configuration>