<?xml version="1.0" encoding="UTF-8" ?>
<!DOCTYPE configuration
        PUBLIC "-//mybatis.org//DTD Config 3.0//EN"
        "http://mybatis.org/dtd/mybatis-3-config.dtd">
<configuration>
    <settings>
        <!--enable UserscoreCmelCase-->
        <setting name="mapUnderscoreToCamelCase" value="true"/>
    </settings>

    <typeAliases>
        <package name="com.huat.crud.bean"/>
    </typeAliases>


    <!--enable PageHelper pagination plugin, put this code after settings and before
    environments tags-->
    <plugins>
        <plugin interceptor="com.github.pagehelper.PageInterceptor">
            <!--The paging plugin will automatically detect the current database link
             and automatically select the appropriate paging method. You can specify
             which dialect the paging plugin uses by configuring the helperDialect
             property-->
            <property name="helperDialect" value="mysql"/>
            <!-- reasonable property is paging rationalization parameter, which
            defaults to false. When this parameter is set to true, pageNum<=0 will
             query the first page, and pageNum>pages (when the total is exceeded) will
              query the last page. When this parameter is false, the query is based
              directly on the parameters.-->
            <property name="reasonable" value="true"/>
        </plugin>
    </plugins>

</configuration>