<?xml version="1.0" encoding="UTF-8"?>
<beans xmlns="http://www.springframework.org/schema/beans"
       xmlns:xsi="http://www.w3.org/2001/XMLSchema-instance" xmlns:mvc="http://www.springframework.org/schema/mvc"
       xmlns:context="http://www.springframework.org/schema/context"
       xsi:schemaLocation="http://www.springframework.org/schema/beans http://www.springframework.org/schema/beans/spring-beans.xsd http://www.springframework.org/schema/mvc https://www.springframework.org/schema/mvc/spring-mvc.xsd http://www.springframework.org/schema/context https://www.springframework.org/schema/context/spring-context.xsd">


    <!--configure component scan, only scan controller component-->
     <context:component-scan base-package="com.huat.crud.controller"/>


    <!--configure view resolver -->
    <bean class="org.springframework.web.servlet.view.InternalResourceViewResolver">
        <property name="prefix" value="/WEB-INF/views/"/>
        <property name="suffix" value=".jsp"/>
    </bean>
    <!--/WEB-INF/views/index.jsp-->
    <!--return"index"-->


    <!--<mvc:view-controller path="/" view-name="index"/>-->
    <!--localhost:80/ssm/ &ndash;&gt;index.jsp-->


    <!--default servlet handler-->
    <mvc:default-servlet-handler/>
    <!--spring mvc annotation driven,support for some more advanced features-->
    <mvc:annotation-driven/>


</beans>